1001,photo_name_1,"https://t7.baidu.com/it/u=1297102096,3476971300&fm=193&f=GIF"
1002,photo_name_2,"https://t7.baidu.com/it/u=1092574912,855301095&fm=193&f=GIF"
1003,photo_name_3,"https://t7.baidu.com/it/u=1297102096,3476971300&fm=193&f=GIF"
1004,photo_name_4,"https://t7.baidu.com/it/u=1469153347,135482855&fm=193&f=GIF"
1005,photo_name_5,"https://t7.baidu.com/it/u=1485780900,1171834527&fm=193&f=GIF"
1006,photo_name_6,"https://t7.baidu.com/it/u=1728637936,3151165212&fm=193&f=GIF"
1007,photo_name_7,"https://t7.baidu.com/it/u=3078321260,3840584311&fm=193&f=GIF"
1008,photo_name_8,"https://t7.baidu.com/it/u=3203007717,1062852813&fm=193&f=GIF"
1009,photo_name_9,"https://t7.baidu.com/it/u=4036010509,3445021118&fm=193&f=GIF"
1010,photo_name_10,"https://t7.baidu.com/it/u=4240641596,3235181048&fm=193&f=GIF"
1011,photo_name_11,"https://t7.baidu.com/it/u=4283365501,347124022&fm=193&f=GIF"
1012,photo_name_12,"https://t7.baidu.com/it/u=737555197,308540855&fm=193&f=GIF"
1013,photo_name_13,"https://t7.baidu.com/it/u=91673060,7145840&fm=193&f=GIF"
